pcl,eng,see-also,pcl-keywords,eng-keywords,pcl-metaphone,eng-metaphone
*(s)olno-,large,,"solnggo,solnggo-,solngo,solngo-,solno,solno-",larg,"SLNK,SSLNK","LRJ,LRK"
*solno-,large,,"solnggo,solnggo-,solngo,solngo-,solno,solno-",larg,SLNK,"LRJ,LRK"
*olno-,large,,"olnggo,olnggo-,olngo,olngo-,olno,olno-",larg,"ALNK,LNK","LRJ,LRK"
(kom-)sart-e/o- -,bark,,"-,eo,kom,kom-sart-eo-,kong,kong-sart-eo-,kongg,kongg-sart-eo-,sart",bark,"A,KNK,KNKKKSRTT,KNKKRTT,KNKKSRTT,SRT",PRK
(wala-)*,be powerful,,"wala,wala-","be,power","AL,FL,L","P,PR,PRFL"
*φlontā-,linen,,"thlonggta,thlonggta-,thlongta,thlongta-,φlontā,φlontā-",linen,"0LNKT,TLNKT","LNJNK,LNKNK"
*φlotnā-,linen,,"thlotnga,thlotnga-,thlotngga,thlotngga-,φlotnā,φlotnā-",linen,"0LTNK,TLTNK","LNJNK,LNKNK"
*(-)wo-reid-o-,horse,,"-wo-reid-o-,o,reid,wo",hor,"A,F,RT,RTT",HRS
*wo-reid-o-,horse,,"o,reid,wo,wo-reid-o-",hor,"A,ARTT,F,FRTT,RT,RTT",HRS
*-wo-reid-o-,horse,,"-wo-reid-o-,o,reid,wo",hor,"A,F,RT,RTT",HRS
*φrāko-,ahead,,"thrako,thrako-,φrāko,φrāko-",ahead,"0RK,TRK",AHT
*(ad-)kri-,shivering,,"ad,ad-kri-,kri",shiver,"AT,ATTKR,KR,TTTKR","XFR,XFRNK"
*kri-,shivering,,"kri,kri-",shiver,KR,"XFR,XFRNK"
*ad-kri-,shivering,,"ad,ad-kri-,kri",shiver,"AT,ATTKR,KR,TTKR","XFR,XFRNK"
*(ad-)mello-,"tarrying, delay",,"ad,ad-mello-,ad-ngello-,ad-nggello-,mello,ngello,nggello","delay,tarri","AT,ATTNJL,ATTNKL,NJL,NKL,TTTNJL,TTTNKL","TL,TR,TRNKK"
*mello-,"tarrying, delay",,"mello,mello-,ngello,ngello-,nggello,nggello-","delay,tarri","NJL,NKL","TL,TR,TRNKK"
*ad-mello-,"tarrying, delay",,"ad,ad-mello-,ad-ngello-,ad-nggello-,mello,ngello,nggello","delay,tarri","AT,ATTNJL,ATTNKL,NJL,NKL,TTNJL,TTNKL","TL,TR,TRNKK"
*(ambi-)nastu-,wet,,"ambi,ambi-nastu-,angbi,angbi-ngastu-,anggbi,anggbi-nggastu-,nastu,ngastu,nggastu",wet,"ANKP,ANKPNKST,NKPNKST,NKST","AT,FT"
*nastu-,wet,,"nastu,nastu-,ngastu,ngastu-,nggastu,nggastu-",wet,NKST,"AT,FT"
*ambi-nastu-,wet,,"ambi,ambi-nastu-,angbi,angbi-ngastu-,anggbi,anggbi-nggastu-,nastu,ngastu,nggastu",wet,"ANKP,ANKPNKST,NKPNKST,NKST","AT,FT"
*(and(a)-)agni-s,drive,,"agnggi,agngi,agni,anda,anda-agni-,angda,angda-agngi-,anggda,anggda-agnggi-,s",drive,"AKNJ,AKNK,ANK,ANKT,ANKTKNK,ANKTKNKK,ANKTNJJ,ANKTNK,NKTTKNKK,NKTTNJJ,S",TRF
*aagni-s,drive,,"aagnggi,aagnggi-,aagngi,aagngi-,aagni,aagni-,s",drive,"AKNK,AKNKK,ANJ,ANJJ,ANK,KNKK,NJJ,S",TRF
*andaagni-s,drive,,"andaagni,andaagni-,angdaagngi,angdaagngi-,anggdaagnggi,anggdaagnggi-,s",drive,"ANKTKNK,ANKTKNKK,ANKTNJ,ANKTNJJ,ANKTNK,NKTKNKK,NKTNJJ,S",TRF
*a-agni-s,drive,,"a,a-agnggi-,a-agngi-,a-agni-,agnggi,agngi,agni,s",drive,"A,AAKNK,AAKNKK,AANJJ,AANK,AKNJ,AKNK,ANK,KNKK,NJJ,S",TRF
*anda-agni-s,drive,,"agnggi,agngi,agni,anda,anda-agni-,angda,angda-agngi-,anggda,anggda-agnggi-,s",drive,"AKNJ,AKNK,ANK,ANKT,ANKTKNK,ANKTKNKK,ANKTNJJ,ANKTNK,NKTKNKK,NKTNJJ,S",TRF
*(ande-)stād-(ī-tu-),attaching,,"and,ande-stād-ī-tu-,angd,angde-stad-i-tu-,anggd,anggde-stad-i-tu-,i,stad,stād,tu,ī",attach,"A,ANKT,ANKTSTTTT,NKTSTTTTT,STT,T","ATK,ATKNK,ATXNK"
*stād-,attaching,,"stad,stad-,stād,stād-",attach,"STT,STTT","ATK,ATKNK,ATXNK"
*ande-stād-,attaching,,"and,ande-stād-,angd,angde-stad-,anggd,anggde-stad-,stad,stād",attach,"ANKT,ANKTSTTT,NKTSTTT,STT","ATK,ATKNK,ATXNK"
*stād-ī-tu-,attaching,,"i,stad,stad-i-tu-,stād,stād-ī-tu-,tu,ī",attach,"A,STT,STTTT,T","ATK,ATKNK,ATXNK"
*ande-stād-ī-tu-,attaching,,"and,ande-stād-ī-tu-,angd,angde-stad-i-tu-,anggd,anggde-stad-i-tu-,i,stad,stād,tu,ī",attach,"A,ANKT,ANKTSTTTT,NKTSTTTT,STT,T","ATK,ATKNK,ATXNK"
*(ari-)kʷet-,"spare, save",,"ari,ari-kwet-,ari-kʷet-,kwet,kʷet","save,spare","AR,ARKTT,KT,RKTT","SF,SPR"
*kʷet-,"spare, save",,"kwet,kwet-,kʷet,kʷet-","save,spare","KT,KTT","SF,SPR"
*ari-kʷet-,"spare, save",,"ari,ari-kwet-,ari-kʷet-,kwet,kʷet","save,spare","AR,ARKTT,KT,RKTT","SF,SPR"
*(d)longo-,long,,"dlongggo,dlongggo-,dlonggo,dlonggo-,dlongo,dlongo-",long,"TLNK,TLNKK,TTLNK",LNK
*longo-,long,,"longggo,longggo-,longgo,longgo-,longo,longo-",long,"LNK,LNKK",LNK
*dlongo-,long,,"dlongggo,dlongggo-,dlonggo,dlonggo-,dlongo,dlongo-",long,"TLNK,TLNKK",LNK
*(exs-)stong-e/o-,bend down,,"eo,ex,exs-stong-eo-,exs-stongg-eo-,exs-stonggg-eo-,stong,stongg,stonggg","bend,down","A,AKS,AKSSSSTNKK,AKSSSSTNKKK,KSSSSSTNKKKK,STNK,STNKK","PNKT,TNK"
*stong-e/o-,bend down,,"eo,stong,stong-eo-,stongg,stongg-eo-,stonggg,stonggg-eo-","bend,down","A,STNK,STNKK,STNKKK,STNKKKK","PNKT,TNK"
*exs-stong-e/o-,bend down,,"eo,ex,exs-stong-eo-,exs-stongg-eo-,exs-stonggg-eo-,stong,stongg,stonggg","bend,down","A,AKS,AKSSSSTNKK,AKSSSSTNKKK,KSSSSTNKKKK,STNK,STNKK","PNKT,TNK"
*(kom-)olk-o-,perfect,,"kom,kom-olk-o-,kong,kong-olk-o-,kongg,kongg-olk-o-,o,olk",perfect,"A,ALK,KNK,KNKKKLKK,KNKKLKK",PRFKT
*olk-o-,perfect,,"o,olk,olk-o-",perfect,"A,ALK,ALKK,LKK",PRFKT
*kom-olk-o-,perfect,,"kom,kom-olk-o-,kong,kong-olk-o-,kongg,kongg-olk-o-,o,olk",perfect,"A,ALK,KNK,KNKKLKK",PRFKT
*(kom-)osti-,temple,,"kom,kom-osti-,kong,kong-osti-,kongg,kongg-osti-,osti",templ,"AST,KNK,KNKKKST,KNKKST",TNKPL
*osti-,temple,,"osti,osti-",templ,"AST,ST",TNKPL
*kom-osti-,temple,,"kom,kom-osti-,kong,kong-osti-,kongg,kongg-osti-,osti",templ,"AST,KNK,KNKKST",TNKPL
*(kom-)tou(V)to-,cover,,"kom,kom-touvto-,kong,kong-touvto-,kongg,kongg-touvto-,touvto",cover,"KNK,KNKKFT,KNKKKTFFT,KNKKTFT,TFT",KFR
*touto-,cover,,"touto,touto-",cover,TT,KFR
*kom-touto-,cover,,"kom,kom-touto-,kong,kong-touto-,kongg,kongg-touto-,touto",cover,"KNK,KNKKT,KNKKTT,TT",KFR
*touVto-,cover,,"touvto,touvto-",cover,TFT,KFR
*kom-touVto-,cover,,"kom,kom-touvto-,kong,kong-touvto-,kongg,kongg-touvto-,touvto",cover,"KNK,KNKKFT,KNKKTFT,TFT",KFR
*(s)an-,our,,"san,san-,sang,sang-,sangg,sangg-",our,"SNK,SNKK,SSNKK",AR
*an-,our,,"an,an-,ang,ang-,angg,angg-",our,"ANK,ANKK,NKK",AR
*san-,our,,"san,san-,sang,sang-,sangg,sangg-",our,"SNK,SNKK",AR
*(s)kramman-,skin,,"skramman,skramman-,skranggnggangg,skranggnggangg-,skrangngang,skrangngang-",skin,"SKRNKNKNK,SKRNKNKNKK,SSKRNKNKNKK",SKNK
*kramman-,skin,,"kramman,kramman-,kranggnggangg,kranggnggangg-,krangngang,krangngang-",skin,"KRNKNKNK,KRNKNKNKK",SKNK
*skramman-,skin,,"skramman,skramman-,skranggnggangg,skranggnggangg-,skrangngang,skrangngang-",skin,"SKRNKNKNK,SKRNKNKNKK",SKNK
*(s)kutu-,head,,"skutu,skutu-",head,"SKT,SSKT",HT
*kutu-,head,,"kutu,kutu-",head,KT,HT
*skutu-,head,,"skutu,skutu-",head,SKT,HT
*(s)kǐttu-,left,,"skittu,skittu-,skǐttu,skǐttu-",left,"SKT,SSKT",LFT
*kǐttu-,left,,"kittu,kittu-,kǐttu,kǐttu-",left,KT,LFT
*skǐttu-,left,,"skittu,skittu-,skǐttu,skǐttu-",left,SKT,LFT
*(s)lib-markā-,oyster,,"markā,ngarka,nggarka,slib,slib-markā-,slib-ngarka-,slib-nggarka-",oyster,"NKRK,SLP,SLPPNKRK,SSLPPNKRK,XLP,XLPPNKRK",ASTR
*lib-markā-,oyster,,"lib,lib-markā-,lib-ngarka-,lib-nggarka-,markā,ngarka,nggarka",oyster,"LP,LPPNKRK,NKRK",ASTR
*slib-markā-,oyster,,"markā,ngarka,nggarka,slib,slib-markā-,slib-ngarka-,slib-nggarka-",oyster,"NKRK,SLP,SLPPNKRK,XLP,XLPPNKRK",ASTR
*(s)lisd-,flat-fish,,"slisd,slisd-",flat-fish,"SLST,SLSTT,SSLSTT,XLST,XLSTT",FLTTFX
*lisd-,flat-fish,,"lisd,lisd-",flat-fish,"LST,LSTT",FLTTFX
*slisd-,flat-fish,,"slisd,slisd-",flat-fish,"SLST,SLSTT,XLST,XLSTT",FLTTFX
*(s)lunk-e/o-,swallow,,"eo,slunggk,slunggk-eo-,slungk,slungk-eo-,slunk,slunk-eo-",swallow,"A,SLNKK,SLNKKK,SSLNKKK,XLNKK,XLNKKK","SL,XLF"
*lunk-e/o-,swallow,,"eo,lunggk,lunggk-eo-,lungk,lungk-eo-,lunk,lunk-eo-",swallow,"A,LNKK,LNKKK","SL,XLF"
*slunk-e/o-,swallow,,"eo,slunggk,slunggk-eo-,slungk,slungk-eo-,slunk,slunk-eo-",swallow,"A,SLNKK,SLNKKK,XLNKK,XLNKKK","SL,XLF"
*(s)natjā-(je/o-),"jump, fly",,"jeo,snatjā,snatjā-jeo-,sngatja,sngatja-jeo-,snggatja,snggatja-jeo-","fli,jump","A,J,SNKTJ,SNKTJJ,SSNKTJJ,XNKTJ,XNKTJJ","ANKP,ANKPP,FL,JNKP,JNKPP"
*natjā-,"jump, fly",,"natjā,natjā-,ngatja,ngatja-,nggatja,nggatja-","fli,jump",NKTJ,"ANKP,ANKPP,FL,JNKP,JNKPP"
*snatjā-,"jump, fly",,"snatjā,snatjā-,sngatja,sngatja-,snggatja,snggatja-","fli,jump","SNKTJ,XNKTJ","ANKP,ANKPP,FL,JNKP,JNKPP"
*natjā-je/o-,"jump, fly",,"jeo,natjā,natjā-jeo-,ngatja,ngatja-jeo-,nggatja,nggatja-jeo-","fli,jump","A,J,NKTJ,NKTJJ","ANKP,ANKPP,FL,JNKP,JNKPP"
*snatjā-je/o-,"jump, fly",,"jeo,snatjā,snatjā-jeo-,sngatja,sngatja-jeo-,snggatja,snggatja-jeo-","fli,jump","A,J,SNKTJ,SNKTJJ,XNKTJ,XNKTJJ","ANKP,ANKPP,FL,JNKP,JNKPP"
*(s)nīs,we,,"snggis,sngis,snīs",we,"SNJS,SNKS,SSNJS,SSNKS,XNKS","A,F"
*nīs,we,,"nggis,ngis,nīs",we,"NJS,NKS","A,F"
*snīs,we,,"snggis,sngis,snīs",we,"SNJS,SNKS,XNKS","A,F"
*(s)tano- / *(s)tanā-,location,,"stanga,stanga-,stangga,stangga-,stanggo,stanggo-,stango,stango-,stano,stano-,stanā,stanā-",locat,"SSTNK,STNK","LKT,LKXNK"
*(s)tano-,location,,"stanggo,stanggo-,stango,stango-,stano,stano-",locat,"SSTNK,STNK","LKT,LKXNK"
*(s)tanā-,location,,"stanga,stanga-,stangga,stangga-,stanā,stanā-",locat,"SSTNK,STNK","LKT,LKXNK"
*tano-,location,,"tanggo,tanggo-,tango,tango-,tano,tano-",locat,TNK,"LKT,LKXNK"
*stano-,location,,"stanggo,stanggo-,stango,stango-,stano,stano-",locat,STNK,"LKT,LKXNK"
*tanā-,location,,"tanga,tanga-,tangga,tangga-,tanā,tanā-",locat,TNK,"LKT,LKXNK"
*stanā-,location,,"stanga,stanga-,stangga,stangga-,stanā,stanā-",locat,STNK,"LKT,LKXNK"
*(s)teb-je/o-,laugh,,"jeo,steb,steb-jeo-",laugh,"A,J,SSTPPJ,STP,STPPJ",LF
*teb-je/o-,laugh,,"jeo,teb,teb-jeo-",laugh,"A,J,TP,TPPJ",LF
*steb-je/o-,laugh,,"jeo,steb,steb-jeo-",laugh,"A,J,STP,STPPJ",LF
*(s)teig-e/o-,go,,"eo,steig,steig-eo-",go,"A,SSTKK,STK,STKK",K
*teig-e/o-,go,,"eo,teig,teig-eo-",go,"A,TK,TKK",K
*steig-e/o-,go,,"eo,steig,steig-eo-",go,"A,STK,STKK",K
*(s)temppu-,pillar,,"stemppu,stemppu-,stenggppu,stenggppu-,stengppu,stengppu-",pillar,"SSTNKP,STNKP",PLR
*temppu-,pillar,,"temppu,temppu-,tenggppu,tenggppu-,tengppu,tengppu-",pillar,TNKP,PLR
*stemppu-,pillar,,"stemppu,stemppu-,stenggppu,stenggppu-,stengppu,stengppu-",pillar,STNKP,PLR
*(s)tinowo-,valley,,"stinggowo,stinggowo-,stingowo,stingowo-,stinowo,stinowo-",valley,"SSTNK,STNK",FL
*tinowo-,valley,,"tinggowo,tinggowo-,tingowo,tingowo-,tinowo,tinowo-",valley,TNK,FL
*stinowo-,valley,,"stinggowo,stinggowo-,stingowo,stingowo-,stinowo,stinowo-",valley,STNK,FL
*(s)tixtā-,going,,"stixta,stixta-,stixtā,stixtā-",go,"SSTKST,STKST","K,KNK"
*tixtā-,going,,"tixta,tixta-,tixtā,tixtā-",go,TKST,"K,KNK"
*stixtā-,going,,"stixta,stixta-,stixtā,stixtā-",go,STKST,"K,KNK"
*(s)tolgo-,strength,,"stolgo,stolgo-",strength,"SSTLK,STLK","STRNK0,STRNKT"
*tolgo-,strength,,"tolgo,tolgo-",strength,TLK,"STRNK0,STRNKT"
*stolgo-,strength,,"stolgo,stolgo-",strength,STLK,"STRNK0,STRNKT"
*(s)tombo-,bush,,"stombo,stombo-,stongbo,stongbo-,stonggbo,stonggbo-",bush,"SSTNKP,STNKP",PX
*tombo-,bush,,"tombo,tombo-,tongbo,tongbo-,tonggbo,tonggbo-",bush,TNKP,PX
*stombo-,bush,,"stombo,stombo-,stongbo,stongbo-,stonggbo,stonggbo-",bush,STNKP,PX
*(s)trīnā-,fight,,"stringa,stringa-,stringga,stringga-,strīnā,strīnā-",fight,"SSTRNK,STRNK",FT
*trīnā-,fight,,"tringa,tringa-,tringga,tringga-,trīnā,trīnā-",fight,TRNK,FT
*strīnā-,fight,,"stringa,stringa-,stringga,stringga-,strīnā,strīnā-",fight,STRNK,FT
*(s)trunk-V-,"urine, faeces",,"strunggk,strunggk-v-,strungk,strungk-v-,strunk,strunk-v-,v","faec,urin","F,SSTRNKKKFF,STRNKK,STRNKKKFF","ARNJJ,ARNK,ARNKK,FK,FSS"
*trunk-V-,"urine, faeces",,"trunggk,trunggk-v-,trungk,trungk-v-,trunk,trunk-v-,v","faec,urin","F,TRNKK,TRNKKKFF","ARNJJ,ARNK,ARNKK,FK,FSS"
*strunk-V-,"urine, faeces",,"strunggk,strunggk-v-,strungk,strungk-v-,strunk,strunk-v-,v","faec,urin","F,STRNKK,STRNKKKFF","ARNJJ,ARNK,ARNKK,FK,FSS"
*(s)worei-,play,,"sworei,sworei-",play,"SR,SSR,XR",PL
*worei-,play,,"worei,worei-",play,"AR,FR,R",PL
*sworei-,play,,"sworei,sworei-",play,"SR,XR",PL
*(s)worei-mag-,playground,,"mag,ngag,nggag,sworei,sworei-mag-,sworei-ngag-,sworei-nggag-",playground,"NKK,SR,SRNKKK,SSRNKKK,XR,XRNKKK",PLKRNKT
*worei-mag-,playground,,"mag,ngag,nggag,worei,worei-mag-,worei-ngag-,worei-nggag-",playground,"AR,ARNKKK,FR,FRNKKK,NKK,RNKKK",PLKRNKT
*sworei-mag-,playground,,"mag,ngag,nggag,sworei,sworei-mag-,sworei-ngag-,sworei-nggag-",playground,"NKK,SR,SRNKKK,XR,XRNKKK",PLKRNKT
*(sk)nidāko-,having lice,,"sknggidako,sknggidako-,skngidako,skngidako-,sknidāko,sknidāko-","have,lice","SKKNJTK,SKKNKTK,SKNJTK,SKNKTK","HF,HFNK,LS"
*nidāko-,having lice,,"nggidako,nggidako-,ngidako,ngidako-,nidāko,nidāko-","have,lice","NJTK,NKTK","HF,HFNK,LS"
*sknidāko-,having lice,,"sknggidako,sknggidako-,skngidako,skngidako-,sknidāko,sknidāko-","have,lice","SKNJTK,SKNKTK","HF,HFNK,LS"
*(so-)sin,this,,"s,sin,sing,singg,so,so-,so-s,so-sin",this,"S,SNK,SS,SSNK","0S,TS"
*sin,this,,"sin,sing,singg",this,SNK,"0S,TS"
*so-sin,this,,"s,sin,sing,singg,so,so-,so-s,so-sin",this,"S,SNK,SS,SSNK","0S,TS"
*(su-)lurk-o-,fierce,,"lurk,o,su,su-lurk-o-",fierc,"A,LRK,S,SLRKK","FRK,FRS"
*lurk-o-,fierce,,"lurk,lurk-o-,o",fierc,"A,LRK,LRKK","FRK,FRS"
*su-lurk-o-,fierce,,"lurk,o,su,su-lurk-o-",fierc,"A,LRK,S,SLRKK","FRK,FRS"
*(t)lam-je/o-,dare,,"jeo,tlam,tlam-jeo-,tlang,tlang-jeo-,tlangg,tlangg-jeo-",dare,"A,J,TLNK,TLNKK,TLNKKJ,TTLNKKJ",TR
*lam-je/o-,dare,,"jeo,lam,lam-jeo-,lang,lang-jeo-,langg,langg-jeo-",dare,"A,J,LNK,LNKK,LNKKJ",TR
*tlam-je/o-,dare,,"jeo,tlam,tlam-jeo-,tlang,tlang-jeo-,tlangg,tlangg-jeo-",dare,"A,J,TLNK,TLNKK,TLNKKJ",TR
*(t)leiko-,miserable,,"tleiko,tleiko-",miser,"TLK,TTLK","NJSR,NJSRPL,NKSR,NKSRPL"
*leiko-,miserable,,"leiko,leiko-",miser,LK,"NJSR,NJSRPL,NKSR,NKSRPL"
*tleiko-,miserable,,"tleiko,tleiko-",miser,TLK,"NJSR,NJSRPL,NKSR,NKSRPL"
*(t)lob-,disappear,,"tlob,tlob-",disappear,"TLP,TLPP,TTLPP",TSPR
*lob-,disappear,,"lob,lob-",disappear,"LP,LPP",TSPR
*tlob-,disappear,,"tlob,tlob-",disappear,"TLP,TLPP",TSPR
*(t)luxto-,"load, burden",,"tluxto,tluxto-","burden,load","TLKST,TTLKST","LT,LTT,PRTNK"
*luxto-,"load, burden",,"luxto,luxto-","burden,load",LKST,"LT,LTT,PRTNK"
*tluxto-,"load, burden",,"tluxto,tluxto-","burden,load",TLKST,"LT,LTT,PRTNK"
*(tu-)ande-φar(x)-ske/o-,greet,,"and,angd,anggd,skeo,tharx,tu,tu-ande-φarx-skeo-,tu-angde-tharx-skeo-,tu-anggde-tharx-skeo-,φarx",greet,"0RKS,ANKT,SK,T,TNKT0RKSKSSK,TNKT0RRKSKSKSSK,TNKTTRKSKSSK,TNKTTRRKSKSKSSK,TRKS",KRT
*ande-φar-ske/o-,greet,,"and,ande-φar-skeo-,angd,angde-thar-skeo-,anggd,anggde-thar-skeo-,skeo,thar,φar",greet,"0R,ANKT,ANKT0RRSK,ANKTTRRSK,NKT0RRSK,NKTTRRSK,SK,TR",KRT
*tu-ande-φar-ske/o-,greet,,"and,angd,anggd,skeo,thar,tu,tu-ande-φar-skeo-,tu-angde-thar-skeo-,tu-anggde-thar-skeo-,φar",greet,"0R,ANKT,SK,T,TNKT0RRSK,TNKTTRRSK,TR",KRT
*ande-φarx-ske/o-,greet,,"and,ande-φarx-skeo-,angd,angde-tharx-skeo-,anggd,anggde-tharx-skeo-,skeo,tharx,φarx",greet,"0RKS,ANKT,ANKT0RKSKSSK,ANKTTRKSKSSK,NKT0RKSKSSK,NKTTRKSKSSK,SK,TRKS",KRT
*tu-ande-φarx-ske/o-,greet,,"and,angd,anggd,skeo,tharx,tu,tu-ande-φarx-skeo-,tu-angde-tharx-skeo-,tu-anggde-tharx-skeo-,φarx",greet,"0RKS,ANKT,SK,T,TNKT0RKSKSSK,TNKTTRKSKSSK,TRKS",KRT
*(tu-)ari-koito-,light sleep,,"ari,koito,tu,tu-ari-koito-","light,sleep","AR,KT,T,TRKT","LT,SLP,XLP"
*ari-koito-,light sleep,,"ari,ari-koito-,koito","light,sleep","AR,ARKT,KT,RKT","LT,SLP,XLP"
*tu-ari-koito-,light sleep,,"ari,koito,tu,tu-ari-koito-","light,sleep","AR,KT,T,TRKT","LT,SLP,XLP"
*(tu-)u-n-k-e/o-,understand,,"eo,k,n,ng,ngg,tu,tu-u-n-k-eo-,tu-u-ng-k-eo-,tu-u-ngg-k-eo-,u",understand,"A,K,NK,T,TNKKK,TNKKKK",ANKTRSTNKT
*u-n-k-e/o-,understand,,"eo,k,n,ng,ngg,u,u-n-k-eo-,u-ng-k-eo-,u-ngg-k-eo-",understand,"A,AANKKK,AANKKKK,K,NK,NKKKK",ANKTRSTNKT
*tu-u-n-k-e/o-,understand,,"eo,k,n,ng,ngg,tu,tu-u-n-k-eo-,tu-u-ng-k-eo-,tu-u-ngg-k-eo-,u",understand,"A,K,NK,T,TNKKK,TNKKKK",ANKTRSTNKT
*(uxs-)sterb-,death,,"sterb,ux,uxs-sterb-",death,"AKS,AKSSSSTRPP,KSSSSSTRPP,STRP","T0,TT"
*sterb-,death,,"sterb,sterb-",death,"STRP,STRPP","T0,TT"
*uxs-sterb-,death,,"sterb,ux,uxs-sterb-",death,"AKS,AKSSSSTRPP,KSSSSTRPP,STRP","T0,TT"
*(φ)adwo-,fast,,"thadwo,thadwo-,φadwo,φadwo-",fast,"00T,0T,TT,TTT",FST
*adwo-,fast,,"adwo,adwo-",fast,"AT,T",FST
*φadwo-,fast,,"thadwo,thadwo-,φadwo,φadwo-",fast,"0T,TT",FST
*(φ)likkā-,flat stone,,"thlikka,thlikka-,φlikkā,φlikkā-","flat,stone","00K,0LK,TLK,TTK","FLT,STNJ,STNK"
*likkā-,flat stone,,"likka,likka-,likkā,likkā-","flat,stone",LK,"FLT,STNJ,STNK"
*φlikkā-,flat stone,,"thlikka,thlikka-,φlikkā,φlikkā-","flat,stone","0LK,TLK","FLT,STNJ,STNK"
"*(φ)rāti-, *-(φ)rāto-",earthen bank,,"-thrato-,-φrāto-,thrati,thrati-,thrato,φrāti,φrāti-,φrāto","bank,earthen","00T,0RT,TRT,TTT","AR0NK,ARTNK,PNKK"
*(φ)rāti-,earthen bank,,"thrati,thrati-,φrāti,φrāti-","bank,earthen","00T,0RT,TRT,TTT","AR0NK,ARTNK,PNKK"
*-(φ)rāto-,earthen bank,,"-thrato-,-φrāto-,thrato,φrāto","bank,earthen","00T,0RT,TRT,TTT","AR0NK,ARTNK,PNKK"
*rāti-,earthen bank,,"rati,rati-,rāti,rāti-","bank,earthen",RT,"AR0NK,ARTNK,PNKK"
*φrāti-,earthen bank,,"thrati,thrati-,φrāti,φrāti-","bank,earthen","0RT,TRT","AR0NK,ARTNK,PNKK"
*-rāto-,earthen bank,,"-rato-,-rāto-,rato,rāto","bank,earthen",RT,"AR0NK,ARTNK,PNKK"
*-φrāto-,earthen bank,,"-thrato-,-φrāto-,thrato,φrāto","bank,earthen","0RT,TRT","AR0NK,ARTNK,PNKK"
*(φ)riketti-,coal,,"thriketti,thriketti-,φriketti,φriketti-",coal,"00KT,0RKT,TRKT,TTKT",KL
*riketti-,coal,,"riketti,riketti-",coal,RKT,KL
*φriketti-,coal,,"thriketti,thriketti-,φriketti,φriketti-",coal,"0RKT,TRKT",KL
*(φ)rind-o-,cape,,"o,thringd,thringd-o-,thringgd,thringgd-o-,φrind,φrind-o-",cape,"00NKTT,0RNKT,0RNKTT,A,TRNKT,TRNKTT,TTNKTT",KP
*rind-o-,cape,,"o,rind,rind-o-,ringd,ringd-o-,ringgd,ringgd-o-",cape,"A,RNKT,RNKTT",KP
*φrind-o-,cape,,"o,thringd,thringd-o-,thringgd,thringgd-o-,φrind,φrind-o-",cape,"0RNKT,0RNKTT,A,TRNKT,TRNKTT",KP
*(φ)streu-,sneeze,,"thstreu,thstreu-,φstreu,φstreu-",sneez,"00TR,0STR,TSTR,TTTR","SNJS,XNKS"
*streu-,sneeze,,"streu,streu-",sneez,STR,"SNJS,XNKS"
*φstreu-,sneeze,,"thstreu,thstreu-,φstreu,φstreu-",sneez,"0STR,TSTR","SNJS,XNKS"
*(φ)utu-,udder,,"thutu,thutu-,φutu,φutu-",udder,"00T,0T,TT,TTT",ATR
*utu-,udder,,"utu,utu-",udder,"AT,T",ATR
*φutu-,udder,,"thutu,thutu-,φutu,φutu-",udder,"0T,TT",ATR
*(φ)īts-elo-,low,,"elo,thit,thits-elo-,φīts,φīts-elo-",low,"00TSSL,0T,0TS,0TSSL,AL,TT,TTS,TTSSL,TTTSSL","L,LF"
*īts-elo-,low,,"elo,it,its-elo-,īts,īts-elo-",low,"AL,AT,ATS,ATSSL,TSSL","L,LF"
*φīts-elo-,low,,"elo,thit,thits-elo-,φīts,φīts-elo-",low,"0T,0TS,0TSSL,AL,TT,TTS,TTSSL","L,LF"
*(φ)labro-,speak,,"thlabro,thlabro-,φlabro,φlabro-",speak,"00PR,0LPR,TLPR,TTPR",SPK
*labro-,speak,,"labro,labro-",speak,LPR,SPK
*φlabro-,speak,,"thlabro,thlabro-,φlabro,φlabro-",speak,"0LPR,TLPR",SPK
*(φ)lakno-,sadness,,"thlaknggo,thlaknggo-,thlakngo,thlakngo-,φlakno,φlakno-",sad,"00KNK,0LKNK,TLKNK,TTKNK","ST,STNJS,STNKS"
*lakno-,sadness,,"laknggo,laknggo-,lakngo,lakngo-,lakno,lakno-",sad,LKNK,"ST,STNJS,STNKS"
*φlakno-,sadness,,"thlaknggo,thlaknggo-,thlakngo,thlakngo-,φlakno,φlakno-",sad,"0LKNK,TLKNK","ST,STNJS,STNKS"
*(φ)lan(d)weto-,flood,,"thlangdweto,thlangdweto-,thlanggdweto,thlanggdweto-,φlandweto,φlandweto-",flood,"00NKKTTT,0LNKTT,TLNKTT,TTNKKTTT",FLT
*lanweto-,flood,,"langgweto,langgweto-,langweto,langweto-,lanweto,lanweto-",flood,LNKT,FLT
*φlanweto-,flood,,"thlanggweto,thlanggweto-,thlangweto,thlangweto-,φlanweto,φlanweto-",flood,"0LNKT,TLNKT",FLT
*landweto-,flood,,"landweto,landweto-,langdweto,langdweto-,langgdweto,langgdweto-",flood,LNKTT,FLT
*φlandweto-,flood,,"thlangdweto,thlangdweto-,thlanggdweto,thlanggdweto-,φlandweto,φlandweto-",flood,"0LNKTT,TLNKTT",FLT
*(φ)lārek-,mare (horse),,"thlarek,thlarek-,φlārek,φlārek-","hor,mare","00RKK,0LRK,0LRKK,TLRK,TLRKK,TTRKK","HRS,NKR,RS"
*lārek-,mare (horse),,"larek,larek-,lārek,lārek-","hor,mare","LRK,LRKK","HRS,NKR,RS"
*φlārek-,mare (horse),,"thlarek,thlarek-,φlārek,φlārek-","hor,mare","0LRK,0LRKK,TLRK,TLRKK","HRS,NKR,RS"
*(φ)lendu-,fluid,,"thlengdu,thlengdu-,thlenggdu,thlenggdu-,φlendu,φlendu-",fluid,"00NKT,0LNKT,TLNKT,TTNKT",FLT
*lendu-,fluid,,"lendu,lendu-,lengdu,lengdu-,lenggdu,lenggdu-",fluid,LNKT,FLT
*φlendu-,fluid,,"thlengdu,thlengdu-,thlenggdu,thlenggdu-,φlendu,φlendu-",fluid,"0LNKT,TLNKT",FLT
*(φ)lendu-,lake,,"thlengdu,thlengdu-,thlenggdu,thlenggdu-,φlendu,φlendu-",lake,"00NKT,0LNKT,TLNKT,TTNKT",LK
*lendu-,lake,,"lendu,lendu-,lengdu,lengdu-,lenggdu,lenggdu-",lake,LNKT,LK
*φlendu-,lake,,"thlengdu,thlengdu-,thlenggdu,thlenggdu-,φlendu,φlendu-",lake,"0LNKT,TLNKT",LK
*(φ)lendu-,water,,"thlengdu,thlengdu-,thlenggdu,thlenggdu-,φlendu,φlendu-",water,"00NKT,0LNKT,TLNKT,TTNKT","ATR,FTR"
*lendu-,water,,"lendu,lendu-,lengdu,lengdu-,lenggdu,lenggdu-",water,LNKT,"ATR,FTR"
*φlendu-,water,,"thlengdu,thlengdu-,thlenggdu,thlenggdu-,φlendu,φlendu-",water,"0LNKT,TLNKT","ATR,FTR"
*(φ)lesto-,gain,,"thlesto,thlesto-,φlesto,φlesto-",gain,"00ST,0LST,TLST,TTST",KNK
*lesto-,gain,,"lesto,lesto-",gain,LST,KNK
*φlesto-,gain,,"thlesto,thlesto-,φlesto,φlesto-",gain,"0LST,TLST",KNK
*(φ)leto-einekʷo-,page,,"einekʷo,eingekwo,einggekwo,thleto,thleto-eingekwo-,thleto-einggekwo-,φleto,φleto-einekʷo-",page,"00TNJK,0LT,0LTNJK,0LTNKK,ANJK,ANKK,TLT,TLTNKK,TTTNKK","PJ,PK"
*leto-einekʷo-,page,,"einekʷo,eingekwo,einggekwo,leto,leto-einekʷo-,leto-eingekwo-,leto-einggekwo-",page,"ANJK,ANKK,LT,LTNJK,LTNKK","PJ,PK"
*φleto-einekʷo-,page,,"einekʷo,eingekwo,einggekwo,thleto,thleto-eingekwo-,thleto-einggekwo-,φleto,φleto-einekʷo-",page,"0LT,0LTNJK,0LTNKK,ANJK,ANKK,TLT,TLTNKK","PJ,PK"
*(φ)likkā-,rickets,,"thlikka,thlikka-,φlikkā,φlikkā-",ricket,"00K,0LK,TLK,TTK","RKT,RKTS"
*likkā-,rickets,,"likka,likka-,likkā,likkā-",ricket,LK,"RKT,RKTS"
*φlikkā-,rickets,,"thlikka,thlikka-,φlikkā,φlikkā-",ricket,"0LK,TLK","RKT,RKTS"
*(φ)lin-je/o-,flow,,"jeo,thling,thling-jeo-,thlingg,thlingg-jeo-,φlin,φlin-jeo-",flow,"00NKKJ,0LNK,0LNKK,0LNKKJ,A,J,TLNK,TLNKK,TLNKKJ,TTNKKJ","FL,FLF"
*lin-je/o-,flow,,"jeo,lin,lin-jeo-,ling,ling-jeo-,lingg,lingg-jeo-",flow,"A,J,LNK,LNKK,LNKKJ","FL,FLF"
*φlin-je/o-,flow,,"jeo,thling,thling-jeo-,thlingg,thlingg-jeo-,φlin,φlin-jeo-",flow,"0LNK,0LNKK,0LNKKJ,A,J,TLNK,TLNKK,TLNKKJ","FL,FLF"
*(φ)listo-,fort,,"thlisto,thlisto-,φlisto,φlisto-",fort,"00ST,0LST,TLST,TTST",FRT
*listo-,fort,,"listo,listo-",fort,LST,FRT
*φlisto-,fort,,"thlisto,thlisto-,φlisto,φlisto-",fort,"0LST,TLST",FRT
*(φ)listo-makʷ(kʷ)o-,stepson,,"makʷkʷo,ngakwkwo,nggakwkwo,thlisto,thlisto-ngakwkwo-,thlisto-nggakwkwo-,φlisto,φlisto-makʷkʷo-",stepson,"00STNKKK,0LST,0LSTNKKK,NKKK,TLST,TLSTNKKK,TTSTNKKK",STPSNK
*listo-makʷo-,stepson,,"listo,listo-makʷo-,listo-ngakwo-,listo-nggakwo-,makʷo,ngakwo,nggakwo",stepson,"LST,LSTNKK,NKK",STPSNK
*φlisto-makʷo-,stepson,,"makʷo,ngakwo,nggakwo,thlisto,thlisto-ngakwo-,thlisto-nggakwo-,φlisto,φlisto-makʷo-",stepson,"0LST,0LSTNKK,NKK,TLST,TLSTNKK",STPSNK
*listo-makʷkʷo-,stepson,,"listo,listo-makʷkʷo-,listo-ngakwkwo-,listo-nggakwkwo-,makʷkʷo,ngakwkwo,nggakwkwo",stepson,"LST,LSTNKKK,NKKK",STPSNK
*φlisto-makʷkʷo-,stepson,,"makʷkʷo,ngakwkwo,nggakwkwo,thlisto,thlisto-ngakwkwo-,thlisto-nggakwkwo-,φlisto,φlisto-makʷkʷo-",stepson,"0LST,0LSTNKKK,NKKK,TLST,TLSTNKKK",STPSNK
*(φ)littjon-,broth,,"thlittjong,thlittjong-,thlittjongg,thlittjongg-,φlittjon,φlittjon-",broth,"00TJNKK,0LTJNK,0LTJNKK,TLTJNK,TLTJNKK,TTTJNKK","PR0,PRT"
*littjon-,broth,,"littjon,littjon-,littjong,littjong-,littjongg,littjongg-",broth,"LTJNK,LTJNKK","PR0,PRT"
*φlittjon-,broth,,"thlittjong,thlittjong-,thlittjongg,thlittjongg-,φlittjon,φlittjon-",broth,"0LTJNK,0LTJNKK,TLTJNK,TLTJNKK","PR0,PRT"
"*(φ)louno-, *(φ)lono-","tallow, fat",,"thlonggo,thlonggo-,thlongo,thlongo-,thlounggo,thlounggo-,thloungo,thloungo-,φlono,φlono-,φlouno,φlouno-","fat,tallow","00NK,0LNK,TLNK,TTNK","FT,TL,TLF"
*(φ)louno-,"tallow, fat",,"thlounggo,thlounggo-,thloungo,thloungo-,φlouno,φlouno-","fat,tallow","00NK,0LNK,TLNK,TTNK","FT,TL,TLF"
*(φ)lono-,"tallow, fat",,"thlonggo,thlonggo-,thlongo,thlongo-,φlono,φlono-","fat,tallow","00NK,0LNK,TLNK,TTNK","FT,TL,TLF"
*louno-,"tallow, fat",,"lounggo,lounggo-,loungo,loungo-,louno,louno-","fat,tallow",LNK,"FT,TL,TLF"
*φlouno-,"tallow, fat",,"thlounggo,thlounggo-,thloungo,thloungo-,φlouno,φlouno-","fat,tallow","0LNK,TLNK","FT,TL,TLF"
*lono-,"tallow, fat",,"longgo,longgo-,longo,longo-,lono,lono-","fat,tallow",LNK,"FT,TL,TLF"
*φlono-,"tallow, fat",,"thlonggo,thlonggo-,thlongo,thlongo-,φlono,φlono-","fat,tallow","0LNK,TLNK","FT,TL,TLF"
*(φ)rannā-,part,,"thranggngga,thranggngga-,thrangnga,thrangnga-,φrannā,φrannā-",part,"00NNK,0RNKNK,0RNNK,TRNKNK,TTNKNK",PRT
*rannā-,part,,"ranggngga,ranggngga-,rangnga,rangnga-,rannā,rannā-",part,"RNKNK,RNNK",PRT
*φrannā-,part,,"thranggngga,thranggngga-,thrangnga,thrangnga-,φrannā,φrannā-",part,"0RNKNK,0RNNK,TRNKNK",PRT
*(φ)rasd-,polish,,"thrasd,thrasd-,φrasd,φrasd-",polish,"00STT,0RST,0RSTT,TRST,TRSTT,TTSTT",PLX
*rasd-,polish,,"rasd,rasd-",polish,"RST,RSTT",PLX
*φrasd-,polish,,"thrasd,thrasd-,φrasd,φrasd-",polish,"0RST,0RSTT,TRST,TRSTT",PLX
*(φ)rati-,fern,,"thrati,thrati-,φrati,φrati-",fern,"00T,0RT,TRT,TTT",FRNK
*rati-,fern,,"rati,rati-",fern,RT,FRNK
*φrati-,fern,,"thrati,thrati-,φrati,φrati-",fern,"0RT,TRT",FRNK
*,riches,,,rich,,"RK,RKS,RX,RXS"
*?-trebā,home,,"-treba,-trebā,treba,trebā",home,TRP,"HNJ,HNK"
*ā,vocative,,"a,ā",vocat,A,"FKT,FKTF"
*a/eli/es(t)r-,sword-flag,,"aeliestr,aeliestr-",sword-flag,"ALSTR,ALSTRR,LSSTTRR","SRTTFLK,XRTTFLK"
*a/eli/esr-,sword-flag,,"aeliesr,aeliesr-",sword-flag,"ALSR,ALSRR,LSRR","SRTTFLK,XRTTFLK"
*a/eli/estr-,sword-flag,,"aeliestr,aeliestr-",sword-flag,"ALSTR,ALSTRR,LSTRR","SRTTFLK,XRTTFLK"
*aballo-,apple,,"aballo,aballo-",appl,"APL,PL",APL
*aballon-,apple-orchard,,"aballon,aballon-,aballong,aballong-,aballongg,aballongg-",apple-orchard,"APLNK,APLNKK,PLNKK","APLRKRT,APLRXRT"
*abalo-,apple,,"abalo,abalo-",appl,"APL,PL",APL
*abanko-,"beaver, dwarf",,"abanggko,abanggko-,abangko,abangko-,abanko,abanko-","beaver,dwarf","APNKK,PNKK","PFR,PFRR,TRF"
*abbon-,monkey,,"abbon,abbon-,abbong,abbong-,abbongg,abbongg-",monkey,"APNK,APNKK,PNKK",NKNKK
*abon-,river,,"abon,abon-,abong,abong-,abongg,abongg-",river,"APNK,APNKK,PNKK",RFR
*abonā-,river,,"abonga,abonga-,abongga,abongga-,abonā,abonā-",river,"APNK,PNK",RFR
*abro-,very,,"abro,abro-",veri,"APR,PR",FR
*ad-,prefix (lit. to),,"ad,ad-","lit,prefix,to","AT,ATT,TT","LT,LTT,PRFKS,T"
"*ad- , *tu-  + daw-e/o-",promise,,"ad,ad-,daw,daw-eo-,eo,tu,tu-",promi,"A,AT,ATT,T,TF,TT","PRNJS,PRNKS"
*ad-,promise,,"ad,ad-",promi,"AT,ATT,TT","PRNJS,PRNKS"
*tu-  + daw-e/o-,promise,,"daw,daw-eo-,eo,tu,tu-",promi,"A,T,TF","PRNJS,PRNKS"
*ad- ,promise,,"ad,ad-",promi,"AT,ATT,TT","PRNJS,PRNKS"
*tu-  + daw-e/o-,promise,,"daw,daw-eo-,eo,tu,tu-",promi,"A,T,TF","PRNJS,PRNKS"
*ad-/φari-jūn-,beautiful,,"ad,ad-thari-jung-,ad-thari-jungg-,ad-φari-jūn-,jung,jungg,jūn,thari,φari",beauti,"0R,ANK,AT,ATT0RJNKK,ATTTRJNKK,JNK,TR,TTT0RJNKK,TTTTRJNKK","PT,PTFL"
*ad-akʷī-,night,,"ad,ad-akwi-,ad-akʷī-,akwi,akʷī",night,"AK,AT,ATTK,TTK","NJJT,NKKT"
*ad-ālo-,request,,"ad,ad-alo-,ad-ālo-,alo,ālo",request,"AL,AT,ATTL,TTL",RKST
*adaso-,fitting,,"adaso,adaso-",fit,"ATS,TS","FT,FTNK"
*ad-bal-e/o-,die,,"ad,ad-bal-eo-,bal,eo",die,"A,AT,ATTPLL,PL,TTPLL",T
*ad-ber-o-,mouth of river; confluence,,"ad,ad-ber-o-,ber,o","confluenc,mouth,of,river","A,AT,ATTPRR,PR,TTPRR","AF,KNKFLNKK,KNKFLNKS,NK0,NKT,RFR,RFRR"
*ad-ber-o-,servant,,"ad,ad-ber-o-,ber,o",servant,"A,AT,ATTPRR,PR,TTPRR",SRFNKT
*ad-dam-e/o-,"admit, confess",,"ad,ad-dam-eo-,ad-dang-eo-,ad-dangg-eo-,dam,dang,dangg,eo","admit,confess","A,AT,ATTTNKK,TNK,TTTNKK","ATNJT,ATNJTT,ATNKT,ATNKTT,KNKFS"
*ad-garwo-,rough,,"ad,ad-garwo-,garwo",rough,"AT,ATTKR,KR,TTKR",RF
*ad-gen-n-o-,fine,,"ad,ad-gen-n-o-,ad-geng-ng-o-,ad-gengg-ngg-o-,gen,geng,gengg,n,ng,ngg,o",fine,"A,AT,ATTJNKKKKK,ATTJNKKNKK,ATTKNKKKKK,ATTKNKKNKK,JNK,KNK,NK,TTJNKKNKK,TTKNKKNKK","FNJ,FNK"
*adilo-,"duty, goal",,"adilo,adilo-","duti,goal","ATL,TL","KL,TT"
*ad-jatu-,striving,,"ad,ad-jatu-,jatu",strive,"AT,ATTJT,JT,TTJT","STRF,STRFNK"
*ad-kar-a-,love,,"a,ad,ad-kar-a-,kar",love,"A,AT,ATTKRR,KR,TTKRR",LF
*ad-kas-ti-,hate,,"ad,ad-kas-ti-,kas,ti",hate,"AT,ATTKSST,KS,T,TTKSST",HT
*ad-kasti-,great hate,,"ad,ad-kasti-,kasti","great,hate","AT,ATTKST,KST,TTKST","HT,KRT"
*ad-ken-ī-,lineage,,"ad,ad-ken-ī-,ad-keng-i-,ad-kengg-i-,i,ken,keng,kengg,ī",lineag,"A,AT,ATTKNKK,ATTKNKKK,KNK,TTKNKK","LNJJ,LNJK,LNKK"
*ad-koilo-,thin,,"ad,ad-koilo-,koilo",thin,"AT,ATTKL,KL,TTKL","0NK,TNK"
*ad-koilo-,very thin,,"ad,ad-koilo-,koilo","thin,veri","AT,ATTKL,KL,TTKL","0NK,FR,TNK"
*ad-kuφ-ro-,wish,,"ad,ad-kuth-ro-,ad-kuφ-ro-,kuth,kuφ,ro",wish,"AT,ATTK00,ATTKTT,K0,KT,R,TTK00,TTKTT","AX,FX"
*ad-lāto-,wound,,"ad,ad-lato-,ad-lāto-,lato,lāto",wound,"AT,ATTLT,LT,TTLT","ANKT,FNKT"
*ad-menserā-,time,,"ad,ad-menserā-,ad-ngengsera-,ad-nggenggsera-,menserā,ngengsera,nggenggsera",time,"AT,ATTNJNKSR,ATTNKNKSR,NJNKSR,NKNKSR,TTNJNKSR,TTNKNKSR","TNJ,TNK"
*ad-ougro-,sad,,"ad,ad-ougro-,ougro",sad,"AKR,AT,ATTKR,TTKR",ST
*ad-ren-,kidney,,"ad,ad-ren-,ad-reng-,ad-rengg-,ren,reng,rengg",kidney,"AT,ATTRNKK,RNK,TTRNKK","KTNJ,KTNK"
"*ad-rigo- , *ad-reigo-",chain,,"ad,ad-reigo-,ad-rigo-,reigo,rigo",chain,"AT,ATTRK,RK,TTRK",XNK
*ad-rigo-,chain,,"ad,ad-rigo-,rigo",chain,"AT,ATTRK,RK,TTRK",XNK
*ad-reigo-,chain,,"ad,ad-reigo-,reigo",chain,"AT,ATTRK,RK,TTRK",XNK
*ad-rigo- ,chain,,"ad,ad-rigo-,rigo",chain,"AT,ATTRK,RK,TTRK",XNK
*ad-reigo-,chain,,"ad,ad-reigo-,reigo",chain,"AT,ATTRK,RK,TTRK",XNK
*ad-rīmā-,number,,"ad,ad-ringa-,ad-ringga-,ad-rīmā-,ringa,ringga,rīmā",number,"AT,ATTRNK,RNK,TTRNK",NKNKPR
*ad-rostu-,dwelling,,"ad,ad-rostu-,rostu",dwell,"AT,ATTRST,RST,TTRST","TL,TLNK"
*ad-sor-o-,return,,"ad,ad-sor-o-,o,sor",return,"A,AT,ATTSRR,SR,TTSRR",RTRNK
*ad-sowjo-,left,,"ad,ad-sowjo-,sowjo",left,"AT,ATTSJ,SJ,TTSJ",LFT
*ad-trebā(-je/o)-,possess,,"ad,ad-treba-jeo-,ad-trebā-jeo-,jeo,treba,trebā",possess,"A,AT,ATTTRPJ,J,TRP,TTTRPJ",PSS
*ad-trebā-,possess,,"ad,ad-treba-,ad-trebā-,treba,trebā",possess,"AT,ATTTRP,TRP,TTTRP",PSS
*ad-trebā-je/o-,possess,,"ad,ad-treba-jeo-,ad-trebā-jeo-,jeo,treba,trebā",possess,"A,AT,ATTTRPJ,J,TRP,TTTRPJ",PSS
*ad-trougo-,very poor,,"ad,ad-trougo-,trougo","poor,veri","AT,ATTTRK,TRK,TTTRK","FR,PR"
*adVbV-,dwelling-place,,"advbv,advbv-",dwelling-plac,"ATFPF,ATFPFF,TFPFF","TLNKKLK,TLNKKLS"
*adV-met-V-,ripe,,"adv,adv-met-v-,adv-nget-v-,adv-ngget-v-,met,nget,ngget,v",ripe,"ATF,ATFFNKTTFF,F,NKT,TFFNKTTFF",RP
*ad-φas-tr(j)o-,horse,,"ad,ad-thas-trjo-,ad-φas-trjo-,thas,trjo,φas",hor,"0S,AT,ATT0SSTRJ,ATTTSSTRJ,TRJ,TS,TT0SSTRRJJ,TTTSSTRRJJ",HRS
*ad-φas-tro-,horse,,"ad,ad-thas-tro-,ad-φas-tro-,thas,tro,φas",hor,"0S,AT,ATT0SSTR,ATTTSSTR,TR,TS,TT0SSTR,TTTSSTR",HRS
*ad-φas-trjo-,horse,,"ad,ad-thas-trjo-,ad-φas-trjo-,thas,trjo,φas",hor,"0S,AT,ATT0SSTRJ,ATTTSSTRJ,TRJ,TS,TT0SSTRJ,TTTSSTRJ",HRS
*ad-φro-gʷant-V-,ferocity,,"ad,ad-thro-gwanggt-v-,ad-thro-gwangt-v-,ad-φro-gʷant-v-,gwanggt,gwangt,gʷant,thro,v,φro",feroc,"0R,AT,ATT0RKNKTTFF,ATTTRKNKTTFF,F,KNKT,TR,TT0RKNKTTFF,TTTRKNKTTFF","FRK,FRST"
*ag-,say,,"ag,ag-",say,"AK,AKK,KK",S
*ag- (*āg-),fear,,"ag,ag-,āg,āg-",fear,"AK,AKK,KK,KKK",FR
*ag- ,fear,,"ag,ag-",fear,"AK,AKK,KK",FR
*ag- *āg-,fear,,"ag,ag-,āg,āg-",fear,"AK,AKK,KK",FR
*ag(g),with,,agg,with,"AK,KKKK","A0,FT"
